Date,Run Number,Total length (mm),Weight (g),Condition Factor,Temperature ,Salinity (ppt),Time (s),Time (hr),Loop,Speed (Hz),Computer MO2,MO2 (mmol/kg/hr),CH 1 R^2,Slope (% air sat/hr),Phase Time,Comments
3/13/2018,S1_1,167,44.9,0.964044158804912,33.4,29.36,357,0.10,2,150,804.6,50.29,0.931,-120.654,M30,
3/13/2018,S1_1,167,44.9,0.964044158804912,33.4,29.36,387,0.11,3,150,799.4,49.96,0.943,-119.879,M30,
3/13/2018,S1_1,167,44.9,0.964044158804912,33.4,29.36,417,0.12,4,150,918.4,57.40,0.979,-137.724,M30,
3/13/2018,S1_1,167,44.9,0.964044158804912,33.4,29.36,447,0.12,5,150,690.8,43.18,0.944,-103.593,M30,
3/13/2018,S1_1,167,44.9,0.964044158804912,33.4,29.36,477,0.13,6,150,1013.1,63.32,0.986,-151.922,M30,
3/13/2018,S1_1,167,44.9,0.964044158804912,33.4,29.36,805,0.22,7,150,672,42.00,0.986,-100.782,F60/W60/M30,
3/13/2018,S1_1,167,44.9,0.964044158804912,33.4,29.36,955,0.27,8,150,638.2,39.89,0.936,-95.709,F60/W60/M30,
3/13/2018,S1_1,167,44.9,0.964044158804912,33.4,29.36,1105,0.31,9,150,659.3,41.21,0.958,-98.866,F60/W60/M30,
3/15/2018,S1_3,164,44.1,0.999785986854514,23.4,28.87,563,0.16,2,150,466.3,29.14,0.912,-58.294,M30,
3/15/2018,S1_3,164,44.1,0.999785986854514,23.4,28.87,593,0.16,3,150,645.9,40.37,0.946,-80.746,M30,
3/15/2018,S1_3,164,44.1,0.999785986854514,23.4,28.87,623,0.17,4,150,616,38.50,0.951,-77.018,M30,
3/15/2018,S1_3,164,44.1,0.999785986854514,23.4,28.87,653,0.18,5,150,575.9,36.00,0.913,-71.997,M30,
3/15/2018,S1_3,164,44.1,0.999785986854514,23.4,28.87,683,0.19,6,150,611.4,38.21,0.974,-76.432,M30,
3/15/2018,S1_3,164,44.1,0.999785986854514,23.4,28.87,713,0.20,7,150,546.5,34.16,0.952,-68.322,M30,
3/15/2018,S1_3,164,44.1,0.999785986854514,23.4,28.87,743,0.21,8,150,444.9,27.81,0.788,-55.627,M30,
3/15/2018,S1_3,164,44.1,0.999785986854514,23.4,28.87,773,0.21,9,150,531.9,33.24,0.924,-66.501,M30,
3/15/2018,S1_3,164,44.1,0.999785986854514,23.4,28.87,803,0.22,10,150,571.7,35.73,0.951,-71.479,M30,
3/15/2018,S1_3,164,44.1,0.999785986854514,23.4,28.87,848,0.24,11,150,446.3,27.89,0.954,-55.796,F60/W45/M45,
3/15/2018,S1_3,164,44.1,0.999785986854514,23.4,28.87,998,0.28,12,150,514,32.13,0.966,-64.267,F60/W45/M45,
3/15/2018,S1_3,164,44.1,0.999785986854514,23.4,28.87,1478,0.41,13,150,489,30.56,0.992,-61.134,F300/W60/M120,
3/15/2018,S1_3,164,44.1,0.999785986854514,23.4,28.87,1958,0.54,14,150,429.4,26.84,0.986,-53.68,F300/W60/M120,
3/15/2018,S1_3,164,44.1,0.999785986854514,23.4,28.87,2438,0.68,15,150,415.3,25.96,0.995,-51.919,F300/W60/M120,
3/15/2018,S1_3,164,44.1,0.999785986854514,23.4,28.87,2918,0.81,16,150,419.3,26.21,0.995,-52.419,F300/W60/M120,
3/15/2018,S1_3,164,44.1,0.999785986854514,23.4,28.87,3398,0.94,17,150,428.5,26.78,0.995,-53.57,F300/W60/M120,
3/15/2018,S1_3,164,44.1,0.999785986854514,23.4,28.87,3878,1.08,18,150,392,24.50,0.992,-49.002,F300/W60/M120,
3/15/2018,S1_3,164,44.1,0.999785986854514,23.4,28.87,4358,1.21,19,150,423.8,26.49,0.993,-52.984,F300/W60/M120,
3/15/2018,S1_3,164,44.1,0.999785986854514,23.4,28.87,4838,1.34,20,150,409.5,25.59,0.991,-51.199,F300/W60/M120,
3/15/2018,S1_3,164,44.1,0.999785986854514,23.4,28.87,5318,1.48,21,150,423.2,26.45,0.992,-52.903,F300/W60/M120,
3/15/2018,S1_3,164,44.1,0.999785986854514,23.4,28.87,5798,1.61,22,150,328,20.50,0.987,-41.004,F300/W60/M120,
3/15/2018,S1_3,164,44.1,0.999785986854514,23.4,28.87,6278,1.74,23,150,355,22.19,0.988,-44.383,F300/W60/M120,
3/15/2018,S1_3,164,44.1,0.999785986854514,23.4,28.87,6758,1.88,24,150,440.4,27.53,0.991,-55.063,F300/W60/M120,
3/15/2018,S1_3,164,44.1,0.999785986854514,23.4,28.87,7238,2.01,25,150,409.9,25.62,0.989,-51.243,F300/W60/M120,
3/15/2018,S1_3,164,44.1,0.999785986854514,23.4,28.87,7718,2.14,26,150,314.3,19.64,0.989,-39.291,F300/W60/M120,
3/15/2018,S1_3,164,44.1,0.999785986854514,23.4,28.87,8198,2.28,27,150,365,22.81,0.988,-45.628,F300/W60/M120,
3/15/2018,S1_3,164,44.1,0.999785986854514,23.4,28.87,8678,2.41,28,150,403.7,25.23,0.991,-50.467,F300/W60/M120,
3/15/2018,S1_3,164,44.1,0.999785986854514,23.4,28.87,9158,2.54,29,150,285.4,17.84,0.977,-35.683,F300/W60/M120,
3/15/2018,S1_3,164,44.1,0.999785986854514,23.4,28.87,9638,2.68,30,150,296.7,18.54,0.984,-37.094,F300/W60/M120,
3/15/2018,S1_3,164,44.1,0.999785986854514,23.4,28.87,10118,2.81,31,150,412.4,25.78,0.992,-51.559,F300/W60/M120,
3/15/2018,S1_3,164,44.1,0.999785986854514,23.4,28.87,10598,2.94,32,150,305.5,19.09,0.986,-38.196,F300/W60/M120,
3/15/2018,S1_3,164,44.1,0.999785986854514,23.4,28.87,11078,3.08,33,150,234.5,14.66,0.972,-29.314,F300/W60/M120,
3/15/2018,S1_3,164,44.1,0.999785986854514,23.4,28.87,11558,3.21,34,150,241.6,15.10,0.97,-30.209,F300/W60/M120,
3/15/2018,S1_3,164,44.1,0.999785986854514,23.4,28.87,12038,3.34,35,150,282,17.63,0.973,-35.255,F300/W60/M120,
3/15/2018,S1_3,164,44.1,0.999785986854514,23.4,28.87,12518,3.48,36,150,289.9,18.12,0.985,-36.244,F300/W60/M120,
3/15/2018,S1_3,164,44.1,0.999785986854514,23.4,28.87,12998,3.61,37,150,367.4,22.96,0.99,-45.936,F300/W60/M120,
3/15/2018,S1_3,164,44.1,0.999785986854514,23.4,28.87,13478,3.74,38,150,182.1,11.38,0.963,-22.768,F300/W60/M120,
3/15/2018,S1_3,164,44.1,0.999785986854514,23.4,28.87,13958,3.88,39,150,171.7,10.73,0.957,-21.47,F300/W60/M120,
3/15/2018,S1_3,164,44.1,0.999785986854514,23.4,28.87,14438,4.01,40,150,277.3,17.33,0.972,-34.666,F300/W60/M120,
3/15/2018,S1_3,164,44.1,0.999785986854514,23.4,28.87,14918,4.14,41,150,295.1,18.44,0.979,-36.896,F300/W60/M120,
3/15/2018,S1_3,164,44.1,0.999785986854514,23.4,28.87,15398,4.28,42,150,279.2,17.45,0.975,-34.904,F300/W60/M120,
3/15/2018,S1_3,164,44.1,0.999785986854514,23.4,28.87,15878,4.41,43,150,301.4,18.84,0.976,-37.684,F300/W60/M120,
3/15/2018,S1_3,164,44.1,0.999785986854514,23.4,28.87,16358,4.54,44,150,282.5,17.66,0.989,-35.315,F300/W60/M120,
3/16/2018,S1_4,155,42.1,1.13054278137693,27.3,30.91,719,0.20,2,150,922.3,57.65,0.956,-117.635,M30,
3/16/2018,S1_4,155,42.1,1.13054278137693,27.3,30.91,749,0.21,3,150,838.3,52.40,0.976,-106.92,M30,
3/16/2018,S1_4,155,42.1,1.13054278137693,27.3,30.91,779,0.22,4,150,747.7,46.73,0.957,-95.364,M30,
3/16/2018,S1_4,155,42.1,1.13054278137693,27.3,30.91,809,0.22,5,150,756.9,47.31,0.984,-96.544,M30,
3/16/2018,S1_4,155,42.1,1.13054278137693,27.3,30.91,839,0.23,6,150,812.7,50.80,0.987,-103.652,M30,
3/16/2018,S1_4,155,42.1,1.13054278137693,27.3,30.91,869,0.24,7,150,730.3,45.65,0.977,-93.149,M30,
3/16/2018,S1_4,155,42.1,1.13054278137693,27.3,30.91,929,0.26,8,150,802.6,50.16,0.994,-102.362,F120/W60/M60,
3/16/2018,S1_4,155,42.1,1.13054278137693,27.3,30.91,1169,0.32,9,150,661.9,41.37,0.991,-84.428,F120/W60/M60,
3/16/2018,S1_4,155,42.1,1.13054278137693,27.3,30.91,1409,0.39,10,150,595.8,37.24,0.975,-75.997,F120/W60/M60,
3/17/2018,S1_5,153,34.8,0.971639029399619,29.8,30.00,251,0.07,2,150,666.1,41.63,0.974,-73.601,M30,
3/17/2018,S1_5,153,34.8,0.971639029399619,29.8,30.00,281,0.08,3,150,781.5,48.85,0.976,-86.352,M30,
3/17/2018,S1_5,153,34.8,0.971639029399619,29.8,30.00,311,0.09,4,150,759.5,47.47,0.915,-83.914,M30,
3/17/2018,S1_5,153,34.8,0.971639029399619,29.8,30.00,341,0.09,5,150,729.2,45.58,0.843,-80.567,M30,
3/17/2018,S1_5,153,34.8,0.971639029399619,29.8,30.00,371,0.10,6,150,712.1,44.51,0.939,-78.675,M30,
3/17/2018,S1_5,153,34.8,0.971639029399619,29.8,30.00,401,0.11,7,150,555.7,34.73,0.791,-61.403,M30,
3/17/2018,S1_5,153,34.8,0.971639029399619,29.8,30.00,431,0.12,8,150,461.1,28.82,0.868,-50.944,M30,
3/17/2018,S1_5,153,34.8,0.971639029399619,29.8,30.00,491,0.14,9,150,773.8,48.36,0.989,-85.498,F300/W60/M60,
3/17/2018,S1_5,153,34.8,0.971639029399619,29.8,30.00,911,0.25,10,150,607.1,37.95,0.977,-67.08,F300/W60/M60,
3/17/2018,S1_5,153,34.8,0.971639029399619,29.8,30.00,1331,0.37,11,150,480.6,30.04,0.964,-53.097,F300/W60/M60,
3/18/2018,S2_1,155,39.2,1.05266691282602,27.7,31.05,365,0.10,2,150,633.1,39.57,0.872,-75.184,M30,
3/18/2018,S2_1,155,39.2,1.05266691282602,27.7,31.05,395,0.11,3,150,550.3,34.40,0.957,-65.345,M30,
3/18/2018,S2_1,155,39.2,1.05266691282602,27.7,31.05,425,0.12,4,150,508.4,31.78,0.894,-60.369,M30,
3/18/2018,S2_1,155,39.2,1.05266691282602,27.7,31.05,455,0.13,5,150,496.6,31.04,0.885,-58.968,M30,
3/18/2018,S2_1,155,39.2,1.05266691282602,27.7,31.05,485,0.13,6,150,485.8,30.36,0.871,-57.695,M30,
3/18/2018,S2_1,155,39.2,1.05266691282602,27.7,31.05,515,0.14,7,150,647.4,40.46,0.978,-76.874,M30,
3/18/2018,S2_1,155,39.2,1.05266691282602,27.7,31.05,545,0.15,8,150,579,36.19,0.947,-68.758,M30,
3/18/2018,S2_1,155,39.2,1.05266691282602,27.7,31.05,575,0.16,9,150,517.6,32.35,0.825,-61.464,M30,
3/18/2018,S2_1,155,39.2,1.05266691282602,27.7,31.05,635,0.18,10,150,628,39.25,0.977,-74.572,F60/W45/M60,
3/18/2018,S2_1,155,39.2,1.05266691282602,27.7,31.05,800,0.22,11,150,720,45.00,0.99,-85.498,F60/W45/M60,
3/18/2018,S2_1,155,39.2,1.05266691282602,27.7,31.05,965,0.27,12,150,691.1,43.20,0.964,-82.067,F60/W45/M60,
3/18/2018,S2_1,155,39.2,1.05266691282602,27.7,31.05,1130,0.31,13,150,572.7,35.80,0.973,-68.004,F60/W45/M60,
3/18/2018,S2_1,155,39.2,1.05266691282602,27.7,31.05,1295,0.36,14,150,550.3,34.40,0.95,-65.349,F60/W45/M60,
3/18/2018,S2_1,155,39.2,1.05266691282602,27.7,31.05,1460,0.41,15,150,599.6,37.48,0.974,-71.207,F60/W45/M60,
3/19/2018,S2_2,153,36.4,1.01631208822259,23.8,30.14,328,0.09,2,150,649.7,40.61,0.835,-67.436,M30,
3/19/2018,S2_2,153,36.4,1.01631208822259,23.8,30.14,358,0.10,3,150,702.5,43.91,0.963,-72.913,M30,
3/19/2018,S2_2,153,36.4,1.01631208822259,23.8,30.14,388,0.11,4,150,670.1,41.88,0.977,-69.552,M30,
3/19/2018,S2_2,153,36.4,1.01631208822259,23.8,30.14,418,0.12,5,150,561.7,35.11,0.932,-58.298,M30,
3/19/2018,S2_2,153,36.4,1.01631208822259,23.8,30.14,448,0.12,6,150,665.8,41.61,0.94,-69.098,M30,
3/19/2018,S2_2,153,36.4,1.01631208822259,23.8,30.14,478,0.13,7,150,661,41.31,0.925,-68.606,M30,
3/19/2018,S2_2,153,36.4,1.01631208822259,23.8,30.14,508,0.14,8,150,570.2,35.64,0.949,-59.176,M30,
3/19/2018,S2_2,153,36.4,1.01631208822259,23.8,30.14,538,0.15,9,150,430.6,26.91,0.674,-44.688,M30,
3/19/2018,S2_2,153,36.4,1.01631208822259,23.8,30.14,568,0.16,10,150,733,45.81,0.975,-76.074,M30,
3/19/2018,S2_2,153,36.4,1.01631208822259,23.8,30.14,598,0.17,11,150,566.3,35.40,0.923,-58.773,M30,
3/19/2018,S2_2,153,36.4,1.01631208822259,23.8,30.14,643,0.18,12,150,540.2,33.76,0.97,-56.067,F60/W45/M45,
3/19/2018,S2_2,153,36.4,1.01631208822259,23.8,30.14,793,0.22,13,150,452.8,28.30,0.957,-46.997,F60/W45/M45,
3/20/2018,S2_3,176,63.6,1.16659231780616,32.2,30.21,391,0.11,2,150,525.3,32.83,0.94,-112.5,M30,
3/20/2018,S2_3,176,63.6,1.16659231780616,32.2,30.21,421,0.12,3,150,571.1,35.70,0.952,-122.292,M30,
3/20/2018,S2_3,176,63.6,1.16659231780616,32.2,30.21,451,0.13,4,150,726.7,45.42,0.864,-155.611,M30,
3/20/2018,S2_3,176,63.6,1.16659231780616,32.2,30.21,481,0.13,5,150,693.1,43.32,0.952,-148.417,M30,
3/20/2018,S2_3,176,63.6,1.16659231780616,32.2,30.21,511,0.14,6,150,675.7,42.23,0.952,-144.7,M30,
3/20/2018,S2_3,176,63.6,1.16659231780616,32.2,30.21,541,0.15,7,150,560,35.00,0.892,-119.915,F60/W45/M30,
3/20/2018,S2_3,176,63.6,1.16659231780616,32.2,30.21,676,0.19,8,150,442.3,27.64,0.929,-94.723,F60/W45/M30,
3/20/2018,S2_3,176,63.6,1.16659231780616,32.2,30.21,811,0.23,9,150,492.6,30.79,0.925,-105.491,F60/W45/M30,
3/20/2018,S2_3,176,63.6,1.16659231780616,32.2,30.21,946,0.26,10,150,613.2,38.33,0.876,-131.309,F60/W45/M30,
3/20/2018,S2_3,176,63.6,1.16659231780616,32.2,30.21,1081,0.30,11,150,522.2,32.64,0.926,-111.832,F60/W45/M30,
3/20/2018,S2_3,176,63.6,1.16659231780616,32.2,30.21,1216,0.34,12,150,523.7,32.73,0.851,-112.142,F60/W45/M30,
3/21/2018,S2_4,158,42.1,1.0673597828975,29.7,28.08,407,0.11,2,150,882.9,55.18,0.952,-116.921,M30,
3/21/2018,S2_4,158,42.1,1.0673597828975,29.7,28.08,437,0.12,3,150,958.1,59.88,0.959,-126.883,M30,
3/21/2018,S2_4,158,42.1,1.0673597828975,29.7,28.08,467,0.13,4,150,1116.3,69.77,0.954,-147.829,F60/W45/M30,
3/21/2018,S2_4,158,42.1,1.0673597828975,29.7,28.08,602,0.17,5,150,890.4,55.65,0.921,-117.915,F60/W45/M30,
3/21/2018,S2_4,158,42.1,1.0673597828975,29.7,28.08,737,0.20,6,150,833,52.06,0.958,-110.31,F60/W45/M30,
3/21/2018,S2_4,158,42.1,1.0673597828975,29.7,28.08,872,0.24,7,150,580.8,36.30,0.782,-76.908,F60/W45/M30,
3/21/2018,S2_4,158,42.1,1.0673597828975,29.7,28.08,1007,0.28,8,150,555.7,34.73,0.713,-73.592,F60/W45/M30,
3/21/2018,S2_4,158,42.1,1.0673597828975,29.7,28.08,1142,0.32,9,150,697.6,43.60,0.867,-92.387,F60/W45/M30,
3/22/2018,S3_1,164,47.8,1.08366825786045,23.1,29.3,300,0.08,2,150,704.6,44.04,0.962,-95.794,M30,
3/22/2018,S3_1,164,47.8,1.08366825786045,23.1,29.3,330,0.09,3,150,498.4,31.15,0.772,-67.759,M30,
3/22/2018,S3_1,164,47.8,1.08366825786045,23.1,29.3,360,0.10,4,150,604.9,37.81,0.971,-82.233,M30,
3/22/2018,S3_1,164,47.8,1.08366825786045,23.1,29.3,390,0.11,5,150,718.6,44.91,0.974,-97.698,M30,
3/22/2018,S3_1,164,47.8,1.08366825786045,23.1,29.3,420,0.12,6,150,315,19.69,0.877,-42.828,M30,
3/22/2018,S3_1,164,47.8,1.08366825786045,23.1,29.3,450,0.13,7,150,464,29.00,0.9,-63.077,M30,
3/22/2018,S3_1,164,47.8,1.08366825786045,23.1,29.3,480,0.13,8,150,430.9,26.93,0.944,-58.574,M30,
3/22/2018,S3_1,164,47.8,1.08366825786045,23.1,29.3,510,0.14,9,150,431.5,26.97,0.903,-58.661,M30,
3/22/2018,S3_1,164,47.8,1.08366825786045,23.1,29.3,555,0.15,10,150,528.2,33.01,0.902,-71.808,F60/W45/M45,
3/22/2018,S3_1,164,47.8,1.08366825786045,23.1,29.3,705,0.20,11,150,475.6,29.73,0.886,-64.662,F60/W45/M45,
3/22/2018,S3_1,164,47.8,1.08366825786045,23.1,29.3,855,0.24,12,150,396.6,24.79,0.911,-53.917,F60/W45/M45,
3/23/2018,S3_2,165,48.3,1.07521495951248,27.5,29.29,385,0.11,2,150,1040.6,65.04,0.945,-151.053,M30,
3/23/2018,S3_2,165,48.3,1.07521495951248,27.5,29.29,415,0.12,3,150,691.2,43.20,0.943,-100.338,M30,
3/23/2018,S3_2,165,48.3,1.07521495951248,27.5,29.29,445,0.12,4,150,433.1,27.07,0.786,-62.875,M30,
3/23/2018,S3_2,165,48.3,1.07521495951248,27.5,29.29,475,0.13,5,150,338.5,21.16,0.431,-49.134,M30,
3/23/2018,S3_2,165,48.3,1.07521495951248,27.5,29.29,520,0.14,6,150,731.2,45.70,0.923,-106.142,F60/W45/M45,
3/23/2018,S3_2,165,48.3,1.07521495951248,27.5,29.29,670,0.19,7,150,652,40.75,0.859,-94.645,F60/W45/M45,
3/23/2018,S3_2,165,48.3,1.07521495951248,27.5,29.29,821,0.23,8,150,628.9,39.31,0.883,-91.299,F60/W45/M45,
3/23/2018,S3_2,165,48.3,1.07521495951248,27.5,29.29,971,0.27,9,150,535.2,33.45,0.912,-77.69,F60/W45/M45,
3/23/2018,S3_2,165,48.3,1.07521495951248,27.5,29.29,1121,0.31,10,150,385.8,24.11,0.715,-56.002,F60/W45/M45,
3/23/2018,S3_2,165,48.3,1.07521495951248,27.5,29.29,1271,0.35,11,150,562.9,35.18,0.929,-81.714,F60/W45/M45,
3/24/2018,S3_3,166,45.8,1.00124696783942,29.5,30.15,334,0.09,2,150,756.2,47.26,0.932,-110.299,M30,
3/24/2018,S3_3,166,45.8,1.00124696783942,29.5,30.15,364,0.10,3,150,477.1,29.82,0.694,-69.597,M30,
3/24/2018,S3_3,166,45.8,1.00124696783942,29.5,30.15,394,0.11,4,150,683.7,42.73,0.932,-99.723,M30,
3/24/2018,S3_3,166,45.8,1.00124696783942,29.5,30.15,439,0.12,5,150,726,45.38,0.958,-105.9,F60/W45/M45,
3/24/2018,S3_3,166,45.8,1.00124696783942,29.5,30.15,589,0.16,6,150,464.6,29.04,0.916,-67.77,F60/W45/M45,
3/24/2018,S3_3,166,45.8,1.00124696783942,29.5,30.15,739,0.21,7,150,483.7,30.23,0.844,-70.559,F60/W45/M45,
3/24/2018,S3_3,166,45.8,1.00124696783942,29.5,30.15,889,0.25,8,150,581,36.31,0.89,-84.742,F60/W45/M45,
3/24/2018,S3_3,166,45.8,1.00124696783942,29.5,30.15,1039,0.29,9,150,401.1,25.07,0.943,-58.501,F60/W45/M45,
3/24/2018,S3_3,166,45.8,1.00124696783942,29.5,30.15,1189,0.33,10,150,476.7,29.79,0.815,-69.528,F60/W45/M45,
3/25/2018,S3_4,164,42.6,0.965779660771028,32.3,31.34,424,0.12,2,150,753.5,47.10,0.95,-107.76,M30,
3/25/2018,S3_4,164,42.6,0.965779660771028,32.3,31.34,454,0.13,3,150,947.4,59.21,0.979,-135.484,M30,
3/25/2018,S3_4,164,42.6,0.965779660771028,32.3,31.34,484,0.13,4,150,920,57.50,0.973,-131.57,M30,
3/25/2018,S3_4,164,42.6,0.965779660771028,32.3,31.34,514,0.14,5,150,892.4,55.78,0.95,-127.62,M30,
3/25/2018,S3_4,164,42.6,0.965779660771028,32.3,31.34,559,0.16,6,150,858.1,53.63,0.979,-122.723,F60/W45/M45,
3/25/2018,S3_4,164,42.6,0.965779660771028,32.3,31.34,709,0.20,7,150,728,45.50,0.975,-104.108,F60/W45/M45,
3/25/2018,S3_4,164,42.6,0.965779660771028,32.3,31.34,859,0.24,8,150,539.5,33.72,0.954,-77.16,F60/W45/M45,
3/25/2018,S3_4,164,42.6,0.965779660771028,32.3,31.34,1009,0.28,9,150,762.1,47.63,0.979,-108.99,F60/W45/M45,
3/25/2018,S3_4,164,42.6,0.965779660771028,32.3,31.34,1159,0.32,10,150,552.6,34.54,0.958,-79.023,F60/W45/M45,
3/26/2018,S4_1,166,49.8,1.08869211786907,23.7,30.14,431,0.12,2,150,467.9,29.24,0.962,-66.626,M30,
3/26/2018,S4_1,166,49.8,1.08869211786907,23.7,30.14,461,0.13,3,150,492.3,30.77,0.901,-70.088,M30,
3/26/2018,S4_1,166,49.8,1.08869211786907,23.7,30.14,491,0.14,4,150,569.2,35.58,0.943,-81.038,M30,
3/26/2018,S4_1,166,49.8,1.08869211786907,23.7,30.14,521,0.14,5,150,374.4,23.40,0.965,-53.309,M30,
3/26/2018,S4_1,166,49.8,1.08869211786907,23.7,30.14,551,0.15,6,150,528.3,33.02,0.892,-75.216,M30,
3/26/2018,S4_1,166,49.8,1.08869211786907,23.7,30.14,581,0.16,7,150,605.4,37.84,0.813,-86.194,M30,
3/26/2018,S4_1,166,49.8,1.08869211786907,23.7,30.14,611,0.17,8,150,488.2,30.51,0.792,-69.517,M30,
3/26/2018,S4_1,166,49.8,1.08869211786907,23.7,30.14,641,0.18,9,150,547,34.19,0.936,-77.889,M30,
3/26/2018,S4_1,166,49.8,1.08869211786907,23.7,30.14,686,0.19,10,150,477.9,29.87,0.939,-68.037,M45,
3/26/2018,S4_1,166,49.8,1.08869211786907,23.7,30.14,731,0.20,11,150,535.7,33.48,0.948,-76.28,M45,
3/26/2018,S4_1,166,49.8,1.08869211786907,23.7,30.14,776,0.22,12,150,533.8,33.36,0.955,-76.005,M45,
3/26/2018,S4_1,166,49.8,1.08869211786907,23.7,30.14,821,0.23,13,150,478.5,29.91,0.946,-68.126,F60/W45/M45,
3/26/2018,S4_1,166,49.8,1.08869211786907,23.7,30.14,971,0.27,14,150,487.7,30.48,0.951,-69.44,F60/W45/M45,
3/26/2018,S4_1,166,49.8,1.08869211786907,23.7,30.14,1121,0.31,15,150,512,32.00,0.963,-72.9,F60/W45/M45,
3/27/2018,S4_2,157,39.2,1.01294790321076,27.5,31.50,339,0.09,4,150,898.2,56.14,0.945,-106.968,M30,
3/27/2018,S4_2,157,39.2,1.01294790321076,27.5,31.50,369,0.10,5,150,870.6,54.41,0.937,-103.679,M30,
3/27/2018,S4_2,157,39.2,1.01294790321076,27.5,31.50,399,0.11,6,150,1163,72.69,0.98,-138.504,M30,
3/27/2018,S4_2,157,39.2,1.01294790321076,27.5,31.50,429,0.12,7,150,1032.8,64.55,0.955,-122.992,M30,
3/27/2018,S4_2,157,39.2,1.01294790321076,27.5,31.50,474,0.13,8,150,930.3,58.15,0.963,-110.786,F60/W60/M45,
3/27/2018,S4_2,157,39.2,1.01294790321076,27.5,31.50,639,0.18,9,150,750,46.88,0.971,-89.313,F60/W60/M45,
3/27/2018,S4_2,157,39.2,1.01294790321076,27.5,31.50,804,0.22,10,150,657.8,41.11,0.928,-78.335,F60/W60/M45,
3/27/2018,S4_2,157,39.2,1.01294790321076,27.5,31.50,969,0.27,11,150,598.6,37.41,0.927,-71.294,F60/W60/M45,
3/28/2018,S4_3,166,47.2,1.0318527703498,32.4,29.62,276,0.08,2,150,570.7,35.67,0.775,-90.144,M30,
3/28/2018,S4_3,166,47.2,1.0318527703498,32.4,29.62,306,0.09,3,150,624.9,39.06,0.865,-98.71,M30,
3/28/2018,S4_3,166,47.2,1.0318527703498,32.4,29.62,336,0.09,4,150,582.8,36.43,0.862,-92.062,M30,
3/28/2018,S4_3,166,47.2,1.0318527703498,32.4,29.62,366,0.10,5,150,806.9,50.43,0.941,-127.449,M30,
3/28/2018,S4_3,166,47.2,1.0318527703498,32.4,29.62,396,0.11,6,150,632.6,39.54,0.947,-99.925,M30,
3/28/2018,S4_3,166,47.2,1.0318527703498,32.4,29.62,426,0.12,7,150,655.8,40.99,0.942,-103.579,M30,
3/28/2018,S4_3,166,47.2,1.0318527703498,32.4,29.62,456,0.13,8,150,656.4,41.03,0.894,-103.679,M30,
3/28/2018,S4_3,166,47.2,1.0318527703498,32.4,29.62,501,0.14,9,150,617.6,38.60,0.905,-97.55,F60/W45/M45,
3/28/2018,S4_3,166,47.2,1.0318527703498,32.4,29.62,651,0.18,10,150,542.4,33.90,0.952,-85.673,F60/W45/M45,
3/28/2018,S4_3,166,47.2,1.0318527703498,32.4,29.62,801,0.22,11,150,1041,65.06,0.868,-164.423,F60/W45/M45,
3/28/2018,S4_3,166,47.2,1.0318527703498,32.4,29.62,951,0.26,12,150,404.7,25.29,0.942,-63.925,F60/W45/M45,
3/29/2018,S4_4,175,63.3,1.18110787172012,29.5,28.6,835,0.23,2,150,507.8,31.74,0.972,-101.824,M30,
3/29/2018,S4_4,175,63.3,1.18110787172012,29.5,28.6,865,0.24,3,150,609.7,38.11,0.935,-122.27,M30,
3/29/2018,S4_4,175,63.3,1.18110787172012,29.5,28.6,895,0.25,4,150,686.1,42.88,0.972,-137.584,M30,
3/29/2018,S4_4,175,63.3,1.18110787172012,29.5,28.6,1115,0.31,6,150,518,32.38,0.945,-103.885,M30,
3/29/2018,S4_4,175,63.3,1.18110787172012,29.5,28.6,1145,0.32,7,150,802.5,50.16,0.974,-160.935,M30,
3/29/2018,S4_4,175,63.3,1.18110787172012,29.5,28.6,1175,0.33,8,150,539,33.69,0.869,-108.094,M30,
3/29/2018,S4_4,175,63.3,1.18110787172012,29.5,28.6,1205,0.33,9,150,763.2,47.70,0.978,-153.055,M30,
3/29/2018,S4_4,175,63.3,1.18110787172012,29.5,28.6,1235,0.34,10,150,524.6,32.79,0.963,-105.206,F60/W45/M30,
3/29/2018,S4_4,175,63.3,1.18110787172012,29.5,28.6,1370,0.38,11,150,631.4,39.46,0.936,-126.623,F60/W45/M30,
3/29/2018,S4_4,175,63.3,1.18110787172012,29.5,28.6,1505,0.42,12,150,693.6,43.35,0.914,-139.094,F60/W45/M30,
3/29/2018,S4_4,175,63.3,1.18110787172012,29.5,28.6,1640,0.46,13,150,390.5,24.41,0.61,-78.314,F60/W45/M30,
3/29/2018,S4_4,175,63.3,1.18110787172012,29.5,28.6,1775,0.49,14,150,310.3,19.39,0.703,-62.217,F60/W45/M30,
3/30/2018,S5_1,165,49.2,1.09525002086986,33.9,29.73,507,0.14,2,150,671,41.94,0.913,-110.587,M30,
3/30/2018,S5_1,165,49.2,1.09525002086986,33.9,29.73,537,0.15,3,150,801.4,50.09,0.979,-132.086,M30,
3/30/2018,S5_1,165,49.2,1.09525002086986,33.9,29.73,567,0.16,4,150,496.7,31.04,0.866,-81.863,M30,
3/30/2018,S5_1,165,49.2,1.09525002086986,33.9,29.73,612,0.17,5,150,665.8,41.61,0.939,-109.738,F60/W45/M45,
3/30/2018,S5_1,165,49.2,1.09525002086986,33.9,29.73,762,0.21,6,150,687.7,42.98,0.956,-113.336,F60/W45/M45,
3/30/2018,S5_1,165,49.2,1.09525002086986,33.9,29.73,912,0.25,7,150,643.4,40.21,0.946,-106.046,F60/W45/M45,
3/30/2018,S5_1,165,49.2,1.09525002086986,33.9,29.73,1062,0.30,8,150,641.7,40.11,0.936,-105.768,F60/W45/M45,
3/30/2018,S5_1,165,49.2,1.09525002086986,33.9,29.73,1212,0.34,9,150,523.3,32.71,0.897,-86.253,F60/W45/M45,
3/30/2018,S5_1,165,49.2,1.09525002086986,33.9,29.73,1362,0.38,10,150,339.5,21.22,0.772,-55.956,F60/W45/M45,
3/31/2018,S5_2,166,50,1.09306437537055,24.3,29.85,404,0.11,2,150,279.1,17.44,0.662,-39.832,M30,
3/31/2018,S5_2,166,50,1.09306437537055,24.3,29.85,434,0.12,3,150,515.3,32.21,0.784,-73.545,M30,
3/31/2018,S5_2,166,50,1.09306437537055,24.3,29.85,464,0.13,4,150,613,38.31,0.917,-87.487,M30,
3/31/2018,S5_2,166,50,1.09306437537055,24.3,29.85,494,0.14,5,150,460.8,28.80,0.941,-65.762,M30,
3/31/2018,S5_2,166,50,1.09306437537055,24.3,29.85,524,0.15,6,150,275,17.19,0.744,-39.249,M30,
3/31/2018,S5_2,166,50,1.09306437537055,24.3,29.85,569,0.16,7,150,491.8,30.74,0.872,-70.191,F60/W45/M45,
3/31/2018,S5_2,166,50,1.09306437537055,24.3,29.85,734,0.20,8,150,380.3,23.77,0.935,-54.277,F60/W45/M60,
3/31/2018,S5_2,166,50,1.09306437537055,24.3,29.85,899,0.25,9,150,377.9,23.62,0.949,-53.939,F60/W45/M60,
3/31/2018,S5_2,166,50,1.09306437537055,24.3,29.85,1064,0.30,10,150,338.1,21.13,0.846,-48.261,F60/W45/M60,
3/31/2018,S5_2,166,50,1.09306437537055,24.3,29.85,1229,0.34,11,150,428.6,26.79,0.963,-61.172,F60/W45/M60,
3/31/2018,S5_2,166,50,1.09306437537055,24.3,29.85,1342,0.37,12,150,401.1,25.07,0.385,-57.247,M60,
4/1/2018,S5_3,183,63,1.02798618973982,29.3,30.23,392,0.11,2,150,656.3,41.02,0.928,-132.209,M30,
4/1/2018,S5_3,183,63,1.02798618973982,29.3,30.23,422,0.12,3,150,672.2,42.01,0.964,-135.404,M30,
4/1/2018,S5_3,183,63,1.02798618973982,29.3,30.23,452,0.13,4,150,607.8,37.99,0.913,-122.435,M30,
4/1/2018,S5_3,183,63,1.02798618973982,29.3,30.23,482,0.13,5,150,565.6,35.35,0.926,-113.944,M30,
4/1/2018,S5_3,183,63,1.02798618973982,29.3,30.23,512,0.14,6,150,530,33.13,0.982,-106.766,F60/W45/M30,
4/1/2018,S5_3,183,63,1.02798618973982,29.3,30.23,647,0.18,7,150,538.5,33.66,0.948,-108.476,F60/W45/M30,
4/1/2018,S5_3,183,63,1.02798618973982,29.3,30.23,782,0.22,8,150,387.9,24.24,0.934,-78.13,F60/W45/M30,
4/1/2018,S5_3,183,63,1.02798618973982,29.3,30.23,917,0.25,9,150,440.5,27.53,0.918,-88.73,F60/W45/M30,
4/1/2018,S5_3,183,63,1.02798618973982,29.3,30.23,1052,0.29,10,150,621.7,38.86,0.956,-125.227,F60/W45/M30,
4/1/2018,S5_3,183,63,1.02798618973982,29.3,30.23,1187,0.33,11,150,360.7,22.54,0.762,-72.67,F60/W45/M30,
4/1/2018,S5_3,183,63,1.02798618973982,29.3,30.23,1322,0.37,12,150,402.2,25.14,0.927,-81.027,F60/W45/M30,
4/2/2018,S5_4,156,38,1.00094404828133,27.5,30.23,312,0.09,2,150,810.4,50.65,0.883,-92.854,M30,
4/2/2018,S5_4,156,38,1.00094404828133,27.5,30.23,342,0.10,3,150,706.8,44.18,0.933,-80.987,M30,
4/2/2018,S5_4,156,38,1.00094404828133,27.5,30.23,372,0.10,4,150,529.1,33.07,0.949,-60.627,M30,
4/2/2018,S5_4,156,38,1.00094404828133,27.5,30.23,417,0.12,5,150,654.1,40.88,0.953,-74.947,F60/W45/M45,
4/2/2018,S5_4,156,38,1.00094404828133,27.5,30.23,567,0.16,6,150,707.1,44.20,0.94,-81.02,F60/W45/M45,
4/2/2018,S5_4,156,38,1.00094404828133,27.5,30.23,717,0.20,7,150,521.2,32.58,0.909,-59.719,F60/W45/M45,
4/2/2018,S5_4,156,38,1.00094404828133,27.5,30.23,867,0.24,8,150,466.2,29.14,0.933,-53.417,F60/W45/M45,
4/2/2018,S5_4,156,38,1.00094404828133,27.5,30.23,1017,0.28,9,150,538.4,33.65,0.966,-61.69,F60/W45/M45,
4/3/2018,S6_1,159,42,1.04485955221798,24.2,30.21,495,0.14,2,150,470.8,29.43,0.774,-56.479,M30,
4/3/2018,S6_1,159,42,1.04485955221798,24.2,30.21,525,0.15,3,150,397.5,24.84,0.922,-47.681,M30,
4/3/2018,S6_1,159,42,1.04485955221798,24.2,30.21,555,0.15,4,150,573.1,35.82,0.922,-68.741,M30,
4/3/2018,S6_1,159,42,1.04485955221798,24.2,30.21,585,0.16,5,150,383,23.94,0.891,-45.943,M30,
4/3/2018,S6_1,159,42,1.04485955221798,24.2,30.21,615,0.17,6,150,558.6,34.91,0.946,-67.008,M30,
4/3/2018,S6_1,159,42,1.04485955221798,24.2,30.21,645,0.18,7,150,605.6,37.85,0.944,-72.642,M30,
4/3/2018,S6_1,159,42,1.04485955221798,24.2,30.21,675,0.19,8,150,577.2,36.08,0.942,-69.243,M30,
4/3/2018,S6_1,159,42,1.04485955221798,24.2,30.21,705,0.20,9,150,431.3,26.96,0.894,-51.737,M30,
4/3/2018,S6_1,159,42,1.04485955221798,24.2,30.21,735,0.20,10,150,456.9,28.56,0.904,-54.811,M30,
4/3/2018,S6_1,159,42,1.04485955221798,24.2,30.21,780,0.22,11,150,517.8,32.36,0.948,-62.11,F60/W45/M45,
4/3/2018,S6_1,159,42,1.04485955221798,24.2,30.21,930,0.26,12,150,511.5,31.97,0.964,-61.354,F60/W45/M45,
4/3/2018,S6_1,159,42,1.04485955221798,24.2,30.21,1080,0.30,13,150,485,30.31,0.934,-58.175,F60/W45/M45,
4/3/2018,S6_1,159,42,1.04485955221798,24.2,30.21,1230,0.34,14,150,309.6,19.35,0.91,-37.132,F60/W45/M45,
4/4/2018,S6_2,163,57,1.31617016648629,32.8,30.28,510,0.14,2,150,369.5,23.09,0.834,-70.885,M30,
4/4/2018,S6_2,163,57,1.31617016648629,32.8,30.28,540,0.15,3,150,624.6,39.04,0.958,-119.833,M30,
4/4/2018,S6_2,163,57,1.31617016648629,32.8,30.28,570,0.16,4,150,475.4,29.71,0.944,-91.198,M30,
4/4/2018,S6_2,163,57,1.31617016648629,32.8,30.28,600,0.17,5,150,519.7,32.48,0.875,-99.709,M30,
4/4/2018,S6_2,163,57,1.31617016648629,32.8,30.28,630,0.18,6,150,606,37.88,0.899,-116.262,M30,
4/4/2018,S6_2,163,57,1.31617016648629,32.8,30.28,660,0.18,7,150,638,39.88,0.968,-122.386,M30,
4/4/2018,S6_2,163,57,1.31617016648629,32.8,30.28,690,0.19,8,150,672.7,42.05,0.86,-129.044,M30,
4/4/2018,S6_2,163,57,1.31617016648629,32.8,30.28,720,0.20,9,150,645.9,40.37,0.979,-123.913,M30,
4/4/2018,S6_2,163,57,1.31617016648629,32.8,30.28,750,0.21,10,150,546,34.13,0.863,-104.741,M30,
4/4/2018,S6_2,163,57,1.31617016648629,32.8,30.28,780,0.22,11,150,460.4,28.78,0.928,-88.33,M30,
4/4/2018,S6_2,163,57,1.31617016648629,32.8,30.28,825,0.23,12,150,539.3,33.71,0.969,-103.466,F60/W45/M45,
4/4/2018,S6_2,163,57,1.31617016648629,32.8,30.28,975,0.27,13,150,490.2,30.64,0.961,-94.04,F60/W45/M45,
4/4/2018,S6_2,163,57,1.31617016648629,32.8,30.28,1125,0.31,14,150,501.3,31.33,0.965,-96.175,F60/W45/M45,
4/4/2018,S6_2,163,57,1.31617016648629,32.8,30.28,1275,0.35,15,150,510,31.88,0.949,-97.834,F60/W45/M45,
4/5/2018,S6_3,167,54,1.15942950056715,27.0,29.35,317,0.09,2,150,792.9,49.56,0.961,-128.873,M30,
4/5/2018,S6_3,167,54,1.15942950056715,27.0,29.35,347,0.10,3,150,720.2,45.01,0.969,-117.066,M30,
4/5/2018,S6_3,167,54,1.15942950056715,27.0,29.35,377,0.10,4,150,721.6,45.10,0.941,-117.291,M30,
4/5/2018,S6_3,167,54,1.15942950056715,27.0,29.35,407,0.11,5,150,853.6,53.35,0.972,-138.739,M30,
4/5/2018,S6_3,167,54,1.15942950056715,27.0,29.35,437,0.12,6,150,770.5,48.16,0.972,-125.241,M30,
4/5/2018,S6_3,167,54,1.15942950056715,27.0,29.35,467,0.13,7,150,641.7,40.11,0.993,-104.305,F60/W45/M30,
4/5/2018,S6_3,167,54,1.15942950056715,27.0,29.35,602,0.17,8,150,601,37.56,0.985,-97.689,F60/W45/M30,
4/5/2018,S6_3,167,54,1.15942950056715,27.0,29.35,737,0.20,9,150,611.5,38.22,0.898,-99.394,F60/W45/M30,
4/5/2018,S6_3,167,54,1.15942950056715,27.0,29.35,872,0.24,10,150,501.3,31.33,0.943,-81.477,F60/W45/M30,
4/6/2018,S6_4,169,59,1.22233964509472,29.2,29.70,486,0.14,2,150,745.4,46.59,0.984,-140.073,M30,
4/6/2018,S6_4,169,59,1.22233964509472,29.2,29.70,516,0.14,3,150,738.3,46.15,0.974,-138.744,M30,
4/6/2018,S6_4,169,59,1.22233964509472,29.2,29.70,546,0.15,4,150,678.9,42.43,0.955,-127.573,M30,
4/6/2018,S6_4,169,59,1.22233964509472,29.2,29.70,576,0.16,5,150,828.4,51.78,0.953,-155.681,M30,
4/6/2018,S6_4,169,59,1.22233964509472,29.2,29.70,606,0.17,6,150,727.6,45.48,0.968,-136.723,M30,
4/6/2018,S6_4,169,59,1.22233964509472,29.2,29.70,636,0.18,7,150,634.6,39.66,0.931,-119.263,M30,
4/6/2018,S6_4,169,59,1.22233964509472,29.2,29.70,666,0.19,8,150,635.3,39.71,0.898,-119.388,M30,
4/6/2018,S6_4,169,59,1.22233964509472,29.2,29.70,711,0.20,9,150,620.5,38.78,0.984,-116.606,F60/W45/M45,
4/6/2018,S6_4,169,59,1.22233964509472,29.2,29.70,861,0.24,10,150,519.5,32.47,0.945,-97.623,F60/W45/M45,
4/6/2018,S6_4,169,59,1.22233964509472,29.2,29.70,1010,0.28,11,150,463.3,28.96,0.964,-87.055,F60/W45/M45,
4/6/2018,S6_4,169,59,1.22233964509472,29.2,29.70,1161,0.32,12,150,492.3,30.77,0.966,-92.507,F60/W45/M45,
4/7/2018,S7_1,165,43,0.957230709296825,32.5,29.97,408,0.11,2,150,822,51.38,0.946,-118.424,M30,
4/7/2018,S7_1,165,43,0.957230709296825,32.5,29.97,438,0.12,3,150,745.2,46.58,0.928,-107.351,M30,
4/7/2018,S7_1,165,43,0.957230709296825,32.5,29.97,468,0.13,4,150,758.7,47.42,0.952,-109.296,M30,
4/7/2018,S7_1,165,43,0.957230709296825,32.5,29.97,498,0.14,5,150,731.1,45.70,0.937,-105.322,M30,
4/7/2018,S7_1,165,43,0.957230709296825,32.5,29.97,528,0.15,6,150,798.5,49.91,0.956,-115.036,M30,
4/7/2018,S7_1,165,43,0.957230709296825,32.5,29.97,558,0.16,7,150,636.2,39.76,0.958,-91.652,M30,
4/7/2018,S7_1,165,43,0.957230709296825,32.5,29.97,588,0.16,8,150,668.4,41.78,0.878,-96.287,F60/W45/M30,
4/7/2018,S7_1,165,43,0.957230709296825,32.5,29.97,738,0.21,9,150,659.1,41.20,0.973,-94.951,F60/W45/M45,
4/7/2018,S7_1,165,43,0.957230709296825,32.5,29.97,888,0.25,10,150,713.3,44.58,0.915,-102.762,F60/W45/M45,
4/7/2018,S7_1,165,43,0.957230709296825,32.5,29.97,1038,0.29,11,150,533,33.31,0.938,-76.79,F60/W45/M45,
4/8/2018,S7_2,182,59,0.978673542373579,30.1,31.12,551,0.15,2,150,930.1,58.13,0.924,-176.205,M30,
4/8/2018,S7_2,182,59,0.978673542373579,30.1,31.12,581,0.16,3,150,652.3,40.77,0.979,-123.576,M30,
4/8/2018,S7_2,182,59,0.978673542373579,30.1,31.12,611,0.17,4,150,837.6,52.35,0.976,-158.677,M30,
4/8/2018,S7_2,182,59,0.978673542373579,30.1,31.12,641,0.18,5,150,754.5,47.16,0.964,-142.935,M30,
4/8/2018,S7_2,182,59,0.978673542373579,30.1,31.12,671,0.19,6,150,697.2,43.58,0.904,-132.075,M30,
4/8/2018,S7_2,182,59,0.978673542373579,30.1,31.12,701,0.19,7,150,535.3,33.46,0.977,-101.412,F60/W45/M30,
4/8/2018,S7_2,182,59,0.978673542373579,30.1,31.12,851,0.24,8,150,583,36.44,0.983,-110.443,F60/W45/M45,
4/8/2018,S7_2,182,59,0.978673542373579,30.1,31.12,1001,0.28,9,150,473.6,29.60,0.956,-89.723,F60/W45/M45,
4/9/2018,S7_3,174,56,1.06301717683898,24.4,30.32,281,0.08,2,150,542.7,33.92,0.968,-87.086,M30,
4/9/2018,S7_3,174,56,1.06301717683898,24.4,30.32,311,0.09,3,150,515,32.19,0.934,-82.648,M30,
4/9/2018,S7_3,174,56,1.06301717683898,24.4,30.32,341,0.09,4,150,439,27.44,0.929,-70.456,M30,
4/9/2018,S7_3,174,56,1.06301717683898,24.4,30.32,371,0.10,5,150,559.6,34.98,0.922,-89.809,M30,
4/9/2018,S7_3,174,56,1.06301717683898,24.4,30.32,401,0.11,6,150,532.4,33.28,0.974,-85.44,M30,
4/9/2018,S7_3,174,56,1.06301717683898,24.4,30.32,431,0.12,7,150,610.1,38.13,0.976,-97.903,M30,
4/9/2018,S7_3,174,56,1.06301717683898,24.4,30.32,461,0.13,8,150,570.3,35.65,0.968,-91.523,M30,
4/9/2018,S7_3,174,56,1.06301717683898,24.4,30.32,491,0.14,9,150,393.9,24.62,0.941,-63.216,F60/W45/M30,
4/9/2018,S7_3,174,56,1.06301717683898,24.4,30.32,641,0.18,10,150,465,29.06,0.967,-74.624,F60/W45/M45,
4/9/2018,S7_3,174,56,1.06301717683898,24.4,30.32,791,0.22,11,150,385.9,24.12,0.954,-61.932,F60/W45/M45,
4/9/2018,S7_3,174,56,1.06301717683898,24.4,30.32,941,0.26,12,150,454.1,28.38,0.981,-72.869,F60/W45/M45,
4/10/2018,S7_4,175,53,0.988921282798834,27.4,30.99,277,0.08,2,150,697.1,43.57,0.949,-112.233,M30,
4/10/2018,S7_4,175,53,0.988921282798834,27.4,30.99,307,0.09,3,150,781.6,48.85,0.967,-125.83,M30,
4/10/2018,S7_4,175,53,0.988921282798834,27.4,30.99,337,0.09,4,150,468.2,29.26,0.884,-75.385,M30,
4/10/2018,S7_4,175,53,0.988921282798834,27.4,30.99,367,0.10,5,150,940.4,58.78,0.989,-151.408,M30,
4/10/2018,S7_4,175,53,0.988921282798834,27.4,30.99,397,0.11,6,150,645.1,40.32,0.971,-103.861,M30,
4/10/2018,S7_4,175,53,0.988921282798834,27.4,30.99,427,0.12,7,150,586.8,36.68,0.923,-94.474,M30,
4/10/2018,S7_4,175,53,0.988921282798834,27.4,30.99,457,0.13,8,150,485.5,30.34,0.944,-78.162,M30,
4/10/2018,S7_4,175,53,0.988921282798834,27.4,30.99,502,0.14,9,150,634.4,39.65,0.981,-102.132,F60/W45/M45,
4/10/2018,S7_4,175,53,0.988921282798834,27.4,30.99,652,0.18,10,150,454.5,28.41,0.953,-73.177,F60/W45/M45,
4/10/2018,S7_4,175,53,0.988921282798834,27.4,30.99,802,0.22,11,150,453.8,28.36,0.948,-73.057,F60/W45/M45,
4/10/2018,S7_4,175,53,0.988921282798834,27.4,30.99,952,0.26,12,150,453.3,28.33,0.92,-72.971,F60/W45/M45,
4/11/2018,S8_1,185,53,0.837067893313328,29.5,29.42,446,0.12,2,150,805.4,50.34,0.926,-135.586,M30,
4/11/2018,S8_1,185,53,0.837067893313328,29.5,29.42,476,0.13,3,150,772.7,48.30,0.948,-130.071,M30,
4/11/2018,S8_1,185,53,0.837067893313328,29.5,29.42,506,0.14,4,150,698.5,43.66,0.948,-117.592,M30,
4/11/2018,S8_1,185,53,0.837067893313328,29.5,29.42,536,0.15,5,150,590.4,36.90,0.867,-99.394,M30,
4/11/2018,S8_1,185,53,0.837067893313328,29.5,29.42,566,0.16,6,150,714.4,44.65,0.967,-120.254,M30,
4/11/2018,S8_1,185,53,0.837067893313328,29.5,29.42,611,0.17,7,150,628.7,39.30,0.962,-105.831,F60/W45/M45,
4/11/2018,S8_1,185,53,0.837067893313328,29.5,29.42,761,0.21,8,150,611.9,38.25,0.967,-103.007,F60/W45/M45,
4/11/2018,S8_1,185,53,0.837067893313328,29.5,29.42,911,0.25,9,150,499.3,31.21,0.904,-84.049,F60/W45/M45,
4/11/2018,S8_1,185,53,0.837067893313328,29.5,29.42,1061,0.29,10,150,358,22.38,0.88,-60.266,F60/W45/M45,
4/12/2018,S8_2,156,39,1.02728468113083,32.2,30.55,257,0.07,2,150,1009.9,63.12,0.903,-132.278,M30,
4/12/2018,S8_2,156,39,1.02728468113083,32.2,30.55,287,0.08,3,150,1001.8,62.61,0.955,-131.221,M30,
4/12/2018,S8_2,156,39,1.02728468113083,32.2,30.55,317,0.09,4,150,870.3,54.40,0.89,-113.99,M30,
4/12/2018,S8_2,156,39,1.02728468113083,32.2,30.55,347,0.10,5,150,915.3,57.21,0.927,-119.894,M30,
4/12/2018,S8_2,156,39,1.02728468113083,32.2,30.55,377,0.10,6,150,960.3,60.02,0.962,-125.78,F60/W45/M30,
4/12/2018,S8_2,156,39,1.02728468113083,32.2,30.55,527,0.15,7,150,751.2,46.95,0.964,-98.391,F60/W45/M45,
4/12/2018,S8_2,156,39,1.02728468113083,32.2,30.55,677,0.19,8,150,702.1,43.88,0.977,-91.958,F60/W45/M45,
4/12/2018,S8_2,156,39,1.02728468113083,32.2,30.55,827,0.23,9,150,696.1,43.51,0.924,-91.178,F60/W45/M45,
4/12/2018,S8_2,156,39,1.02728468113083,32.2,30.55,977,0.27,10,150,704.5,44.03,0.967,-92.276,F60/W45/M45,
4/13/2018,S8_3,171,59,1.1799502061013,23.9,29.84,403,0.11,2,150,639.1,39.95,0.92,-107.824,M30,
4/13/2018,S8_3,171,59,1.1799502061013,23.9,29.84,433,0.12,3,150,660.7,41.30,0.978,-111.462,M30,
4/13/2018,S8_3,171,59,1.1799502061013,23.9,29.84,463,0.13,4,150,596.7,37.30,0.981,-100.666,M30,
4/13/2018,S8_3,171,59,1.1799502061013,23.9,29.84,493,0.14,5,150,667.5,41.72,0.968,-112.617,M30,
4/13/2018,S8_3,171,59,1.1799502061013,23.9,29.84,523,0.15,6,150,643.3,40.21,0.979,-108.535,M30,
4/13/2018,S8_3,171,59,1.1799502061013,23.9,29.84,553,0.15,7,150,699.4,43.71,0.969,-117.994,M30,
4/13/2018,S8_3,171,59,1.1799502061013,23.9,29.84,583,0.16,8,150,729.9,45.62,0.904,-123.131,F60/W45/M30,
4/13/2018,S8_3,171,59,1.1799502061013,23.9,29.84,718,0.20,9,150,590.5,36.91,0.966,-99.624,F60/W45/M30,
4/13/2018,S8_3,171,59,1.1799502061013,23.9,29.84,853,0.24,10,150,669.4,41.84,0.921,-112.925,F60/W45/M30,
4/13/2018,S8_3,171,59,1.1799502061013,23.9,29.84,988,0.27,11,150,332.2,20.76,0.878,-56.043,F60/W45/M30,
4/14/2018,S8_4,165,41,0.91270835072488,27.5,29.53,328,0.09,2,150,873.1,54.57,0.838,-107.58,M30,
4/14/2018,S8_4,165,41,0.91270835072488,27.5,29.53,358,0.10,3,150,955.7,59.73,0.966,-117.747,M30,
4/14/2018,S8_4,165,41,0.91270835072488,27.5,29.53,388,0.11,4,150,783.8,48.99,0.977,-96.573,M30,
4/14/2018,S8_4,165,41,0.91270835072488,27.5,29.53,418,0.12,5,150,961.4,60.09,0.929,-118.45,M30,
4/14/2018,S8_4,165,41,0.91270835072488,27.5,29.53,448,0.12,6,150,854.6,53.41,0.981,-105.293,M30,
4/14/2018,S8_4,165,41,0.91270835072488,27.5,29.53,493,0.14,7,150,774.7,48.42,0.967,-95.449,F60/W45/M45,
4/14/2018,S8_4,165,41,0.91270835072488,27.5,29.53,643,0.18,8,150,723.4,45.21,0.965,-89.124,F60/W45/M45,
4/14/2018,S8_4,165,41,0.91270835072488,27.5,29.53,793,0.22,9,150,634,39.63,0.922,-78.113,F60/W45/M45,
4/15/2018,S9_1,170,46,0.936291471605943,24.2,31.43,320,0.09,2,150,660.3,41.27,0.894,-87.417,M30,
4/15/2018,S9_1,170,46,0.936291471605943,24.2,31.43,350,0.10,3,150,689.3,43.08,0.924,-91.269,M30,
4/15/2018,S9_1,170,46,0.936291471605943,24.2,31.43,380,0.11,4,150,665.1,41.57,0.926,-88.058,M30,
4/15/2018,S9_1,170,46,0.936291471605943,24.2,31.43,410,0.11,5,150,699.5,43.72,0.964,-92.618,M30,
4/15/2018,S9_1,170,46,0.936291471605943,24.2,31.43,440,0.12,6,150,478.1,29.88,0.935,-63.302,M30,
4/15/2018,S9_1,170,46,0.936291471605943,24.2,31.43,470,0.13,7,150,410.7,25.67,0.946,-54.378,M30,
4/15/2018,S9_1,170,46,0.936291471605943,24.2,31.43,515,0.14,8,150,716,44.75,0.974,-94.792,F60/W45/M45,
4/15/2018,S9_1,170,46,0.936291471605943,24.2,31.43,665,0.18,9,150,544.6,34.04,0.973,-72.102,F60/W45/M45,
4/15/2018,S9_1,170,46,0.936291471605943,24.2,31.43,815,0.23,10,150,610.9,38.18,0.949,-80.884,F60/W45/M45,
4/15/2018,S9_1,170,46,0.936291471605943,24.2,31.43,965,0.27,11,150,666.3,41.65,0.947,-88.211,F60/W45/M45,
4/15/2018,S9_1,170,46,0.936291471605943,24.2,31.43,1115,0.31,12,150,704.7,44.05,0.963,-93.301,F60/W45/M45,
4/15/2018,S9_1,170,46,0.936291471605943,24.2,31.43,1265,0.35,13,150,695.2,43.45,0.968,-92.046,F60/W45/M45,
4/15/2018,S9_1,170,46,0.936291471605943,24.2,31.43,1415,0.39,14,150,455,28.44,0.957,-60.244,F60/W45/M45,
4/16/2018,S9_2,156,40,1.05362531398034,27.6,30.78,333,0.09,2,150,692.7,43.30,0.86,-83.677,M30,
4/16/2018,S9_2,156,40,1.05362531398034,27.6,30.78,363,0.10,3,150,769.9,48.12,0.902,-92.999,M30,
4/16/2018,S9_2,156,40,1.05362531398034,27.6,30.78,393,0.11,4,150,700.9,43.81,0.923,-84.675,M30,
4/16/2018,S9_2,156,40,1.05362531398034,27.6,30.78,423,0.12,5,150,671.7,41.98,0.945,-81.146,F60/W45/M30,
4/16/2018,S9_2,156,40,1.05362531398034,27.6,30.78,873,0.24,6,150,644.8,40.30,0.998,-77.891,F60/W45/M345,
4/16/2018,S9_2,156,40,1.05362531398034,27.6,30.78,1086,0.30,7,150,573.9,35.87,0.853,-69.327,F60/W45/M45,
4/17/2018,S9_3,183,61,0.995351707525854,30,30.36,373,0.10,2,150,662.1,41.38,0.948,-129.184,M30,
4/17/2018,S9_3,183,61,0.995351707525854,30,30.36,403,0.11,3,150,758.8,47.43,0.951,-148.047,M30,
4/17/2018,S9_3,183,61,0.995351707525854,30,30.36,433,0.12,4,150,643.9,40.25,0.876,-125.628,M30,
4/17/2018,S9_3,183,61,0.995351707525854,30,30.36,463,0.13,5,150,429.6,26.85,0.885,-83.814,M30,
4/17/2018,S9_3,183,61,0.995351707525854,30,30.36,493,0.14,6,150,645.1,40.32,0.864,-125.855,M30,
4/17/2018,S9_3,183,61,0.995351707525854,30,30.36,523,0.15,7,150,750.9,46.93,0.945,-146.495,M30,
4/17/2018,S9_3,183,61,0.995351707525854,30,30.36,568,0.16,8,150,617.2,38.58,0.966,-120.417,F60/W45/M45,
4/17/2018,S9_3,183,61,0.995351707525854,30,30.36,718,0.20,9,150,456.5,28.53,0.957,-89.055,F60/W45/M45,
4/17/2018,S9_3,183,61,0.995351707525854,30,30.36,868,0.24,10,150,476.5,29.78,0.965,-92.961,F60/W45/M45,
4/17/2018,S9_3,183,61,0.995351707525854,30,30.36,1018,0.28,11,150,392.3,24.52,0.964,-76.529,F60/W45/M45,
4/18/2018,S9_4,171,45,0.899962021602688,32.2,29.76,388,0.11,2,150,755.2,47.20,0.947,-113.759,M30,
4/18/2018,S9_4,171,45,0.899962021602688,32.2,29.76,418,0.12,3,150,828.8,51.80,0.945,-124.853,M30,
4/18/2018,S9_4,171,45,0.899962021602688,32.2,29.76,448,0.12,4,150,642.5,40.16,0.862,-96.793,M30,
4/18/2018,S9_4,171,45,0.899962021602688,32.2,29.76,478,0.13,5,150,798.2,49.89,0.835,-120.243,M30,
4/18/2018,S9_4,171,45,0.899962021602688,32.2,29.76,508,0.14,6,150,677,42.31,0.903,-101.99,M30,
4/18/2018,S9_4,171,45,0.899962021602688,32.2,29.76,538,0.15,7,150,724.3,45.27,0.946,-109.111,F60/W45/M30,
4/18/2018,S9_4,171,45,0.899962021602688,32.2,29.76,673,0.19,8,150,717.7,44.86,0.935,-108.122,F60/W45/M30,
4/18/2018,S9_4,171,45,0.899962021602688,32.2,29.76,808,0.22,9,150,598.9,37.43,0.916,-90.219,F60/W45/M30,
4/18/2018,S9_4,171,45,0.899962021602688,32.2,29.76,943,0.26,10,150,640.6,40.04,0.913,-96.508,F60/W45/M30,
4/19/2019,S10_1,166,48,1.04934180035573,24.1,29.23,284,0.08,2,150,753.6,47.10,0.975,-102.836,M30,
4/19/2019,S10_1,166,48,1.04934180035573,24.1,29.23,314,0.09,3,150,683.7,42.73,0.944,-93.308,M30,
4/19/2019,S10_1,166,48,1.04934180035573,24.1,29.23,344,0.10,4,150,738.6,46.16,0.962,-100.792,M30,
4/19/2019,S10_1,166,48,1.04934180035573,24.1,29.23,374,0.10,5,150,625.2,39.08,0.965,-85.324,M30,
4/19/2019,S10_1,166,48,1.04934180035573,24.1,29.23,419,0.12,6,150,560.5,35.03,0.958,-76.488,F60/W45/M45,
4/19/2019,S10_1,166,48,1.04934180035573,24.1,29.23,569,0.16,7,150,544.9,34.06,0.935,-74.361,F60/W45/M45,
4/19/2019,S10_1,166,48,1.04934180035573,24.1,29.23,719,0.20,8,150,395,24.69,0.922,-53.899,F60/W45/M45,
4/19/2019,S10_1,166,48,1.04934180035573,24.1,29.23,869,0.24,9,150,525.7,32.86,0.98,-71.745,F60/W45/M45,
4/20/2018,S10_2,155,34,0.913027424389916,27.2,29.3,186,0.05,2,150,858.7,53.67,0.918,-87.501,M30,
4/20/2018,S10_2,155,34,0.913027424389916,27.2,29.3,216,0.06,3,150,884.5,55.28,0.978,-90.13,M30,
4/20/2018,S10_2,155,34,0.913027424389916,27.2,29.3,246,0.07,4,150,803,50.19,0.948,-81.827,M30,
4/20/2018,S10_2,155,34,0.913027424389916,27.2,29.3,276,0.08,5,150,841.9,52.62,0.928,-85.789,M30,
4/20/2018,S10_2,155,34,0.913027424389916,27.2,29.3,306,0.09,6,150,419.2,26.20,0.798,-42.711,M30,
4/20/2018,S10_2,155,34,0.913027424389916,27.2,29.3,336,0.09,7,150,877.5,54.85,0.905,-89.418,F60/W45/M30,
4/20/2018,S10_2,155,34,0.913027424389916,27.2,29.3,486,0.14,8,150,480.6,30.04,0.828,-48.967,F60/W45/M45,
4/20/2018,S10_2,155,34,0.913027424389916,27.2,29.3,636,0.18,9,150,535.2,33.45,0.876,-54.538,F60/W45/M45,
4/20/2018,S10_2,155,34,0.913027424389916,27.2,29.3,786,0.22,10,150,755,47.19,0.853,-76.935,F60/W45/M45,
4/20/2018,S10_2,155,34,0.913027424389916,27.2,29.3,936,0.26,11,150,539.8,33.74,0.92,-55.006,F60/W45/M45,
4/21/2018,S10_3,166,41,0.89631278780385,32.6,29.36,1310,0.36,2,150,1137.1,71.07,0.929,-155.589,M30,
4/21/2018,S10_3,166,41,0.89631278780385,32.6,29.36,1340,0.37,3,150,758.3,47.40,0.95,-103.754,M30,
4/21/2018,S10_3,166,41,0.89631278780385,32.6,29.36,1370,0.38,4,150,792.5,49.53,0.971,-108.442,M30,
4/21/2018,S10_3,166,41,0.89631278780385,32.6,29.36,1400,0.39,5,150,771.9,48.25,0.831,-105.625,M30,
4/21/2018,S10_3,166,41,0.89631278780385,32.6,29.36,1430,0.40,6,150,914.2,57.14,0.958,-125.086,F60/W45/M30,
4/21/2018,S10_3,166,41,0.89631278780385,32.6,29.36,1565,0.43,7,150,809.7,50.61,0.973,-110.797,F60/W45/M30,
4/21/2018,S10_3,166,41,0.89631278780385,32.6,29.36,1700,0.47,8,150,672.1,42.01,0.955,-91.961,F60/W45/M30,
4/22/2018,S10_4,175,49,0.914285714285714,30.6,29.32,476,0.13,2,150,956.2,59.76,0.976,-148.606,M30,
4/22/2018,S10_4,175,49,0.914285714285714,30.6,29.32,506,0.14,3,150,1014.5,63.41,0.938,-157.674,M30,
4/22/2018,S10_4,175,49,0.914285714285714,30.6,29.32,536,0.15,4,150,892.2,55.76,0.993,-138.672,M30,
4/22/2018,S10_4,175,49,0.914285714285714,30.6,29.32,566,0.16,5,150,864.7,54.05,0.952,-134.39,M30,
4/22/2018,S10_4,175,49,0.914285714285714,30.6,29.32,611,0.17,6,150,866.1,54.13,0.944,-134.614,F60/W45/M45,
4/22/2018,S10_4,175,49,0.914285714285714,30.6,29.32,761,0.21,7,150,627.8,39.24,0.962,-97.575,F60/W45/M45,
4/22/2018,S10_4,175,49,0.914285714285714,30.6,29.32,911,0.25,8,150,460.5,28.78,0.914,-71.574,F60/W45/M45,
4/22/2018,S10_4,175,49,0.914285714285714,30.6,29.32,1061,0.29,9,150,794.8,49.68,0.98,-123.525,F60/W45/M45,
4/22/2018,S10_4,175,49,0.914285714285714,30.6,29.32,1211,0.34,10,150,668.6,41.79,0.983,-103.915,F60/W45/M45,